No.ID,URL,QR Code,
"1","https://badgeid.petwidget.com/9bKudc","9bKudc",
"2","https://badgeid.petwidget.com/9bV8S8","9bV8S8",
"3","https://badgeid.petwidget.com/9bUZDv","9bUZDv",
"4","https://badgeid.petwidget.com/9bXMC2","9bXMC2",
"5","https://badgeid.petwidget.com/9boXUk","9boXUk",
"6","https://badgeid.petwidget.com/9byzon","9byzon",
"7","https://badgeid.petwidget.com/9b1Drx","9b1Drx",
"8","https://badgeid.petwidget.com/9bimn3","9bimn3",
"9","https://badgeid.petwidget.com/9bRBfM","9bRBfM",
"10","https://badgeid.petwidget.com/9bJ7VD","9bJ7VD",
"11","https://badgeid.petwidget.com/9b7y94","9b7y94",
"12","https://badgeid.petwidget.com/9blM6K","9blM6K",
"13","https://badgeid.petwidget.com/9bK14i","9bK14i",
"14","https://badgeid.petwidget.com/9bBtFC","9bBtFC",
"15","https://badgeid.petwidget.com/9b66ap","9b66ap",
"16","https://badgeid.petwidget.com/9btxsk","9btxsk",
"17","https://badgeid.petwidget.com/9b8I7S","9b8I7S",
"18","https://badgeid.petwidget.com/9bP2vW","9bP2vW",
"19","https://badgeid.petwidget.com/9bBF1X","9bBF1X",
"20","https://badgeid.petwidget.com/9br8Hb","9br8Hb",
